{"cameraMode":{"drawMode":31,"name":"Sprite Mask","section":"Miscellaneous"},"sceneLighting":false,"audioPlay":false,"sceneViewState":{"m_AlwaysRefresh":true,"showFog":true,"showSkybox":false,"showFlares":true,"showImageEffects":true,"showParticleSystems":true,"showVisualEffectGraphs":true,"m_FxEnabled":false},"in2DMode":false,"pivot":{"x":-0.20458149909973145,"y":1.6137748956680298,"z":-1.250000238418579},"rotation":{"x":-0.05933414399623871,"y":0.17865587770938874,"z":-0.010662781074643135,"w":-0.982244610786438},"size":1.5250623226165772,"orthographic":false}