{"cameraMode":{"drawMode":31,"name":"Sprite Mask","section":"Miscellaneous"},"sceneLighting":false,"audioPlay":false,"sceneViewState":{"m_AlwaysRefresh":true,"showFog":true,"showSkybox":false,"showFlares":true,"showImageEffects":true,"showParticleSystems":true,"showVisualEffectGraphs":true,"m_FxEnabled":false},"in2DMode":false,"pivot":{"x":-0.00013637542724609375,"y":9.619858741760254,"z":0.05764913558959961},"rotation":{"x":0.006524546537548304,"y":0.9759728312492371,"z":-0.216014102101326,"w":0.031224552541971208},"size":14.088656425476075,"orthographic":false}