{"cameraMode":{"drawMode":31,"name":"Sprite Mask","section":"Miscellaneous"},"sceneLighting":true,"audioPlay":false,"sceneViewState":{"m_AlwaysRefresh":true,"showFog":true,"showSkybox":true,"showFlares":true,"showImageEffects":true,"showParticleSystems":true,"showVisualEffectGraphs":true,"m_FxEnabled":false},"in2DMode":false,"pivot":{"x":3.451798677444458,"y":13.343984603881836,"z":0.019009113311767579},"rotation":{"x":-0.13811612129211427,"y":-0.12020217627286911,"z":0.018952487036585809,"w":-0.9831992983818054},"size":2.827126979827881,"orthographic":false}