{"cameraMode":{"drawMode":31,"name":"Sprite Mask","section":"Miscellaneous"},"sceneLighting":true,"audioPlay":false,"sceneViewState":{"m_AlwaysRefresh":true,"showFog":true,"showSkybox":true,"showFlares":true,"showImageEffects":true,"showParticleSystems":true,"showVisualEffectGraphs":true,"m_FxEnabled":false},"in2DMode":false,"pivot":{"x":-1.4292843341827393,"y":0.6157742142677307,"z":3.402818202972412},"rotation":{"x":0.0041949814185500149,"y":0.9899845719337463,"z":-0.030013971030712129,"w":0.13803724944591523},"size":0.6302043199539185,"orthographic":false}