{"cameraMode":{"drawMode":31,"name":"Sprite Mask","section":"Miscellaneous"},"sceneLighting":false,"audioPlay":false,"sceneViewState":{"m_AlwaysRefresh":true,"showFog":true,"showSkybox":false,"showFlares":true,"showImageEffects":true,"showParticleSystems":true,"showVisualEffectGraphs":true,"m_FxEnabled":false},"in2DMode":false,"pivot":{"x":0.000009059906005859375,"y":8.464442253112793,"z":0.47563648223876955},"rotation":{"x":0.15994754433631898,"y":-0.7970439195632935,"z":0.24031588435173036,"w":0.5306891202926636},"size":12.512924194335938,"orthographic":false}