{"cameraMode":{"drawMode":31,"name":"Sprite Mask","section":"Miscellaneous"},"sceneLighting":false,"audioPlay":false,"sceneViewState":{"m_AlwaysRefresh":true,"showFog":true,"showSkybox":false,"showFlares":true,"showImageEffects":true,"showParticleSystems":true,"showVisualEffectGraphs":true,"m_FxEnabled":false},"in2DMode":false,"pivot":{"x":-0.13024187088012696,"y":2.014392375946045,"z":0.02021932601928711},"rotation":{"x":-0.3168924152851105,"y":0.04608664661645889,"z":-0.015441007912158966,"w":-0.9473370909690857},"size":3.0795719623565676,"orthographic":false}