{"cameraMode":{"drawMode":31,"name":"Sprite Mask","section":"Miscellaneous"},"sceneLighting":false,"audioPlay":false,"sceneViewState":{"m_AlwaysRefresh":true,"showFog":true,"showSkybox":false,"showFlares":true,"showImageEffects":true,"showParticleSystems":true,"showVisualEffectGraphs":true,"m_FxEnabled":false},"in2DMode":false,"pivot":{"x":0.28959107398986819,"y":2.5153720378875734,"z":1.6316156387329102},"rotation":{"x":-0.03041098266839981,"y":0.411632776260376,"z":-0.013592487201094628,"w":-0.910936176776886},"size":2.0952184200286867,"orthographic":false}