{"cameraMode":{"drawMode":31,"name":"Sprite Mask","section":"Miscellaneous"},"sceneLighting":false,"audioPlay":false,"sceneViewState":{"m_AlwaysRefresh":true,"showFog":true,"showSkybox":false,"showFlares":true,"showImageEffects":true,"showParticleSystems":true,"showVisualEffectGraphs":true,"m_FxEnabled":false},"in2DMode":false,"pivot":{"x":-0.40959203243255618,"y":1.1668248176574708,"z":-0.24221789836883546},"rotation":{"x":-0.0780378058552742,"y":0.5995625257492065,"z":-0.058735813945531848,"w":-0.7945699095726013},"size":1.6127697229385377,"orthographic":false}